1.Ageninae,>,0.Agenus_primus,deduced
1.Ageninae,>,0.Agenus_quartus,deduced
1.Ageninae,>,0.Agenus_tertius,deduced
1.Ageninae,>,0.Egena_quinta,deduced
1.Ageninae,>,0.Egena_secunda,deduced
1.Ageninae,>,0.Egena_sexta,deduced
1.Ageninae,>,0.Igena_octava,deduced
1.Ageninae,>,0.Igena_prima,deduced
1.Ageninae,>,0.Igena_septima,deduced
1.Ageninae,>,0.Ogenus_decimus,deduced
1.Ageninae,>,0.Ogenus_nonus,deduced
1.Ageninae,>,0.Ogenus_secundus,deduced
1.Agenini,>,0.Agenus_primus,deduced
1.Agenini,>,0.Agenus_quartus,deduced
1.Agenini,>,0.Agenus_tertius,deduced
1.Agenini,>,0.Egena_quinta,deduced
1.Agenini,>,0.Egena_secunda,deduced
1.Agenini,>,0.Egena_sexta,deduced
1.Agenus,>,0.Agenus_primus,deduced
1.Agenus,>,0.Agenus_quartus,deduced
1.Agenus,>,0.Agenus_tertius,deduced
1.Agenus_primus,!,0.Agenus_quartus,deduced
1.Agenus_primus,!,0.Agenus_tertius,deduced
1.Agenus_quartus,!,0.Agenus_primus,deduced
1.Agenus_quartus,!,0.Agenus_tertius,deduced
1.Agenus_tertius,!,0.Agenus_primus,deduced
1.Agenus_tertius,!,0.Agenus_quartus,deduced
1.Egena,>,0.Egena_quinta,deduced
1.Egena,>,0.Egena_secunda,deduced
1.Egena,>,0.Egena_sexta,deduced
1.Egena_quinta,!,0.Egena_secunda,deduced
1.Egena_quinta,!,0.Egena_sexta,deduced
1.Egena_secunda,!,0.Egena_quinta,deduced
1.Egena_secunda,!,0.Egena_sexta,deduced
1.Egena_sexta,!,0.Egena_quinta,deduced
1.Egena_sexta,!,0.Egena_secunda,deduced
1.Igena,>,0.Igena_prima,deduced
1.Igena,>,0.Ogenus_decimus,deduced
1.Igena,>,0.Ogenus_nonus,deduced
1.Igena,>,0.Ogenus_secundus,deduced
1.Igena_decima,!,0.Igena_prima,deduced
1.Igena_decima,!,0.Ogenus_nonus,deduced
1.Igena_decima,!,0.Ogenus_secundus,deduced
1.Igena_nona,!,0.Igena_prima,deduced
1.Igena_nona,!,0.Ogenus_decimus,deduced
1.Igena_nona,!,0.Ogenus_secundus,deduced
1.Igena_prima,!,0.Igena_octava,deduced
1.Igena_prima,!,0.Igena_septima,deduced
1.Igena_prima,!,0.Ogenus_decimus,deduced
1.Igena_prima,!,0.Ogenus_nonus,deduced
1.Igena_prima,!,0.Ogenus_secundus,deduced
1.Igena_secunda,!,0.Igena_prima,deduced
1.Igena_secunda,!,0.Ogenus_decimus,deduced
1.Igena_secunda,!,0.Ogenus_nonus,deduced
1.Igenini,>,0.Igena_octava,deduced
1.Igenini,>,0.Igena_prima,deduced
1.Igenini,>,0.Igena_septima,deduced
1.Igenini,>,0.Ogenus_decimus,deduced
1.Igenini,>,0.Ogenus_nonus,deduced
1.Igenini,>,0.Ogenus_secundus,deduced
1.Novigena,>,0.Igena_octava,deduced
1.Novigena,>,0.Igena_septima,deduced
1.Novigena_octava,!,0.Igena_prima,deduced
1.Novigena_octava,!,0.Igena_septima,deduced
1.Novigena_septima,!,0.Igena_octava,deduced
1.Novigena_septima,!,0.Igena_prima,deduced
1.Agenidae,=,0.Agenidae,inferred
1.Agenidae,=,0.Ageninae,inferred
1.Agenidae,>,0.Agenini,inferred
1.Agenidae,>,0.Agenus,inferred
1.Agenidae,>,0.Agenus_primus,inferred
1.Agenidae,>,0.Agenus_quartus,inferred
1.Agenidae,>,0.Agenus_tertius,inferred
1.Agenidae,>,0.Egena,inferred
1.Agenidae,>,0.Egena_quinta,inferred
1.Agenidae,>,0.Egena_secunda,inferred
1.Agenidae,>,0.Egena_sexta,inferred
1.Agenidae,>,0.Igena,inferred
1.Agenidae,>,0.Igena_octava,inferred
1.Agenidae,>,0.Igena_prima,inferred
1.Agenidae,>,0.Igena_septima,inferred
1.Agenidae,>,0.Igenini,inferred
1.Agenidae,>,0.Ogenus,inferred
1.Agenidae,>,0.Ogenus_decimus,inferred
1.Agenidae,>,0.Ogenus_nonus,inferred
1.Agenidae,>,0.Ogenus_secundus,inferred
1.Ageninae,=,0.Agenidae,inferred
1.Ageninae,=,0.Ageninae,inferred
1.Ageninae,>,0.Agenini,inferred
1.Ageninae,>,0.Agenus,inferred
1.Ageninae,>,0.Egena,inferred
1.Ageninae,>,0.Igena,inferred
1.Ageninae,>,0.Igenini,inferred
1.Ageninae,>,0.Ogenus,inferred
1.Agenini,<,0.Agenidae,inferred
1.Agenini,<,0.Ageninae,inferred
1.Agenini,=,0.Agenini,inferred
1.Agenini,>,0.Agenus,inferred
1.Agenini,>,0.Egena,inferred
1.Agenini,!,0.Igena,inferred
1.Agenini,!,0.Igena_octava,inferred
1.Agenini,!,0.Igena_prima,inferred
1.Agenini,!,0.Igena_septima,inferred
1.Agenini,!,0.Igenini,inferred
1.Agenini,!,0.Ogenus,inferred
1.Agenini,!,0.Ogenus_decimus,inferred
1.Agenini,!,0.Ogenus_nonus,inferred
1.Agenini,!,0.Ogenus_secundus,inferred
1.Agenus,<,0.Agenidae,inferred
1.Agenus,<,0.Ageninae,inferred
1.Agenus,<,0.Agenini,inferred
1.Agenus,=,0.Agenus,inferred
1.Agenus,!,0.Egena,inferred
1.Agenus,!,0.Egena_quinta,inferred
1.Agenus,!,0.Egena_secunda,inferred
1.Agenus,!,0.Egena_sexta,inferred
1.Agenus,!,0.Igena,inferred
1.Agenus,!,0.Igena_octava,inferred
1.Agenus,!,0.Igena_prima,inferred
1.Agenus,!,0.Igena_septima,inferred
1.Agenus,!,0.Igenini,inferred
1.Agenus,!,0.Ogenus,inferred
1.Agenus,!,0.Ogenus_decimus,inferred
1.Agenus,!,0.Ogenus_nonus,inferred
1.Agenus,!,0.Ogenus_secundus,inferred
1.Agenus_primus,<,0.Agenidae,inferred
1.Agenus_primus,<,0.Ageninae,inferred
1.Agenus_primus,<,0.Agenini,inferred
1.Agenus_primus,<,0.Agenus,inferred
1.Agenus_primus,!,0.Egena,inferred
1.Agenus_primus,!,0.Egena_quinta,inferred
1.Agenus_primus,!,0.Egena_secunda,inferred
1.Agenus_primus,!,0.Egena_sexta,inferred
1.Agenus_primus,!,0.Igena,inferred
1.Agenus_primus,!,0.Igena_octava,inferred
1.Agenus_primus,!,0.Igena_prima,inferred
1.Agenus_primus,!,0.Igena_septima,inferred
1.Agenus_primus,!,0.Igenini,inferred
1.Agenus_primus,!,0.Ogenus,inferred
1.Agenus_primus,!,0.Ogenus_decimus,inferred
1.Agenus_primus,!,0.Ogenus_nonus,inferred
1.Agenus_primus,!,0.Ogenus_secundus,inferred
1.Agenus_quartus,<,0.Agenidae,inferred
1.Agenus_quartus,<,0.Ageninae,inferred
1.Agenus_quartus,<,0.Agenini,inferred
1.Agenus_quartus,<,0.Agenus,inferred
1.Agenus_quartus,!,0.Egena,inferred
1.Agenus_quartus,!,0.Egena_quinta,inferred
1.Agenus_quartus,!,0.Egena_secunda,inferred
1.Agenus_quartus,!,0.Egena_sexta,inferred
1.Agenus_quartus,!,0.Igena,inferred
1.Agenus_quartus,!,0.Igena_octava,inferred
1.Agenus_quartus,!,0.Igena_prima,inferred
1.Agenus_quartus,!,0.Igena_septima,inferred
1.Agenus_quartus,!,0.Igenini,inferred
1.Agenus_quartus,!,0.Ogenus,inferred
1.Agenus_quartus,!,0.Ogenus_decimus,inferred
1.Agenus_quartus,!,0.Ogenus_nonus,inferred
1.Agenus_quartus,!,0.Ogenus_secundus,inferred
1.Agenus_tertius,<,0.Agenidae,inferred
1.Agenus_tertius,<,0.Ageninae,inferred
1.Agenus_tertius,<,0.Agenini,inferred
1.Agenus_tertius,<,0.Agenus,inferred
1.Agenus_tertius,!,0.Egena,inferred
1.Agenus_tertius,!,0.Egena_quinta,inferred
1.Agenus_tertius,!,0.Egena_secunda,inferred
1.Agenus_tertius,!,0.Egena_sexta,inferred
1.Agenus_tertius,!,0.Igena,inferred
1.Agenus_tertius,!,0.Igena_octava,inferred
1.Agenus_tertius,!,0.Igena_prima,inferred
1.Agenus_tertius,!,0.Igena_septima,inferred
1.Agenus_tertius,!,0.Igenini,inferred
1.Agenus_tertius,!,0.Ogenus,inferred
1.Agenus_tertius,!,0.Ogenus_decimus,inferred
1.Agenus_tertius,!,0.Ogenus_nonus,inferred
1.Agenus_tertius,!,0.Ogenus_secundus,inferred
1.Egena,<,0.Agenidae,inferred
1.Egena,<,0.Ageninae,inferred
1.Egena,<,0.Agenini,inferred
1.Egena,!,0.Agenus,inferred
1.Egena,!,0.Agenus_primus,inferred
1.Egena,!,0.Agenus_quartus,inferred
1.Egena,!,0.Agenus_tertius,inferred
1.Egena,=,0.Egena,inferred
1.Egena,!,0.Igena,inferred
1.Egena,!,0.Igena_octava,inferred
1.Egena,!,0.Igena_prima,inferred
1.Egena,!,0.Igena_septima,inferred
1.Egena,!,0.Igenini,inferred
1.Egena,!,0.Ogenus,inferred
1.Egena,!,0.Ogenus_decimus,inferred
1.Egena,!,0.Ogenus_nonus,inferred
1.Egena,!,0.Ogenus_secundus,inferred
1.Egena_quinta,<,0.Agenidae,inferred
1.Egena_quinta,<,0.Ageninae,inferred
1.Egena_quinta,<,0.Agenini,inferred
1.Egena_quinta,!,0.Agenus,inferred
1.Egena_quinta,!,0.Agenus_primus,inferred
1.Egena_quinta,!,0.Agenus_quartus,inferred
1.Egena_quinta,!,0.Agenus_tertius,inferred
1.Egena_quinta,<,0.Egena,inferred
1.Egena_quinta,!,0.Igena,inferred
1.Egena_quinta,!,0.Igena_octava,inferred
1.Egena_quinta,!,0.Igena_prima,inferred
1.Egena_quinta,!,0.Igena_septima,inferred
1.Egena_quinta,!,0.Igenini,inferred
1.Egena_quinta,!,0.Ogenus,inferred
1.Egena_quinta,!,0.Ogenus_decimus,inferred
1.Egena_quinta,!,0.Ogenus_nonus,inferred
1.Egena_quinta,!,0.Ogenus_secundus,inferred
1.Egena_secunda,<,0.Agenidae,inferred
1.Egena_secunda,<,0.Ageninae,inferred
1.Egena_secunda,<,0.Agenini,inferred
1.Egena_secunda,!,0.Agenus,inferred
1.Egena_secunda,!,0.Agenus_primus,inferred
1.Egena_secunda,!,0.Agenus_quartus,inferred
1.Egena_secunda,!,0.Agenus_tertius,inferred
1.Egena_secunda,<,0.Egena,inferred
1.Egena_secunda,!,0.Igena,inferred
1.Egena_secunda,!,0.Igena_octava,inferred
1.Egena_secunda,!,0.Igena_prima,inferred
1.Egena_secunda,!,0.Igena_septima,inferred
1.Egena_secunda,!,0.Igenini,inferred
1.Egena_secunda,!,0.Ogenus,inferred
1.Egena_secunda,!,0.Ogenus_decimus,inferred
1.Egena_secunda,!,0.Ogenus_nonus,inferred
1.Egena_secunda,!,0.Ogenus_secundus,inferred
1.Egena_sexta,<,0.Agenidae,inferred
1.Egena_sexta,<,0.Ageninae,inferred
1.Egena_sexta,<,0.Agenini,inferred
1.Egena_sexta,!,0.Agenus,inferred
1.Egena_sexta,!,0.Agenus_primus,inferred
1.Egena_sexta,!,0.Agenus_quartus,inferred
1.Egena_sexta,!,0.Agenus_tertius,inferred
1.Egena_sexta,<,0.Egena,inferred
1.Egena_sexta,!,0.Igena,inferred
1.Egena_sexta,!,0.Igena_octava,inferred
1.Egena_sexta,!,0.Igena_prima,inferred
1.Egena_sexta,!,0.Igena_septima,inferred
1.Egena_sexta,!,0.Igenini,inferred
1.Egena_sexta,!,0.Ogenus,inferred
1.Egena_sexta,!,0.Ogenus_decimus,inferred
1.Egena_sexta,!,0.Ogenus_nonus,inferred
1.Egena_sexta,!,0.Ogenus_secundus,inferred
1.Igena,<,0.Agenidae,inferred
1.Igena,<,0.Ageninae,inferred
1.Igena,!,0.Agenini,inferred
1.Igena,!,0.Agenus,inferred
1.Igena,!,0.Agenus_primus,inferred
1.Igena,!,0.Agenus_quartus,inferred
1.Igena,!,0.Agenus_tertius,inferred
1.Igena,!,0.Egena,inferred
1.Igena,!,0.Egena_quinta,inferred
1.Igena,!,0.Egena_secunda,inferred
1.Igena,!,0.Egena_sexta,inferred
1.Igena,><,0.Igena,inferred
1.Igena,!,0.Igena_octava,inferred
1.Igena,!,0.Igena_septima,inferred
1.Igena,<,0.Igenini,inferred
1.Igena,>,0.Ogenus,inferred
1.Igena_decima,<,0.Agenidae,inferred
1.Igena_decima,<,0.Ageninae,inferred
1.Igena_decima,!,0.Agenini,inferred
1.Igena_decima,!,0.Agenus,inferred
1.Igena_decima,!,0.Agenus_primus,inferred
1.Igena_decima,!,0.Agenus_quartus,inferred
1.Igena_decima,!,0.Agenus_tertius,inferred
1.Igena_decima,!,0.Egena,inferred
1.Igena_decima,!,0.Egena_quinta,inferred
1.Igena_decima,!,0.Egena_secunda,inferred
1.Igena_decima,!,0.Egena_sexta,inferred
1.Igena_decima,!,0.Igena,inferred
1.Igena_decima,!,0.Igena_octava,inferred
1.Igena_decima,!,0.Igena_septima,inferred
1.Igena_decima,<,0.Igenini,inferred
1.Igena_decima,<,0.Ogenus,inferred
1.Igena_nona,<,0.Agenidae,inferred
1.Igena_nona,<,0.Ageninae,inferred
1.Igena_nona,!,0.Agenini,inferred
1.Igena_nona,!,0.Agenus,inferred
1.Igena_nona,!,0.Agenus_primus,inferred
1.Igena_nona,!,0.Agenus_quartus,inferred
1.Igena_nona,!,0.Agenus_tertius,inferred
1.Igena_nona,!,0.Egena,inferred
1.Igena_nona,!,0.Egena_quinta,inferred
1.Igena_nona,!,0.Egena_secunda,inferred
1.Igena_nona,!,0.Egena_sexta,inferred
1.Igena_nona,!,0.Igena,inferred
1.Igena_nona,!,0.Igena_octava,inferred
1.Igena_nona,!,0.Igena_septima,inferred
1.Igena_nona,<,0.Igenini,inferred
1.Igena_nona,<,0.Ogenus,inferred
1.Igena_prima,<,0.Agenidae,inferred
1.Igena_prima,<,0.Ageninae,inferred
1.Igena_prima,!,0.Agenini,inferred
1.Igena_prima,!,0.Agenus,inferred
1.Igena_prima,!,0.Agenus_primus,inferred
1.Igena_prima,!,0.Agenus_quartus,inferred
1.Igena_prima,!,0.Agenus_tertius,inferred
1.Igena_prima,!,0.Egena,inferred
1.Igena_prima,!,0.Egena_quinta,inferred
1.Igena_prima,!,0.Egena_secunda,inferred
1.Igena_prima,!,0.Egena_sexta,inferred
1.Igena_prima,<,0.Igena,inferred
1.Igena_prima,<,0.Igenini,inferred
1.Igena_prima,!,0.Ogenus,inferred
1.Igena_secunda,<,0.Agenidae,inferred
1.Igena_secunda,<,0.Ageninae,inferred
1.Igena_secunda,!,0.Agenini,inferred
1.Igena_secunda,!,0.Agenus,inferred
1.Igena_secunda,!,0.Agenus_primus,inferred
1.Igena_secunda,!,0.Agenus_quartus,inferred
1.Igena_secunda,!,0.Agenus_tertius,inferred
1.Igena_secunda,!,0.Egena,inferred
1.Igena_secunda,!,0.Egena_quinta,inferred
1.Igena_secunda,!,0.Egena_secunda,inferred
1.Igena_secunda,!,0.Egena_sexta,inferred
1.Igena_secunda,!,0.Igena,inferred
1.Igena_secunda,!,0.Igena_octava,inferred
1.Igena_secunda,!,0.Igena_septima,inferred
1.Igena_secunda,<,0.Igenini,inferred
1.Igena_secunda,<,0.Ogenus,inferred
1.Igenini,<,0.Agenidae,inferred
1.Igenini,<,0.Ageninae,inferred
1.Igenini,!,0.Agenini,inferred
1.Igenini,!,0.Agenus,inferred
1.Igenini,!,0.Agenus_primus,inferred
1.Igenini,!,0.Agenus_quartus,inferred
1.Igenini,!,0.Agenus_tertius,inferred
1.Igenini,!,0.Egena,inferred
1.Igenini,!,0.Egena_quinta,inferred
1.Igenini,!,0.Egena_secunda,inferred
1.Igenini,!,0.Egena_sexta,inferred
1.Igenini,>,0.Igena,inferred
1.Igenini,=,0.Igenini,inferred
1.Igenini,>,0.Ogenus,inferred
1.Novigena,<,0.Agenidae,inferred
1.Novigena,<,0.Ageninae,inferred
1.Novigena,!,0.Agenini,inferred
1.Novigena,!,0.Agenus,inferred
1.Novigena,!,0.Agenus_primus,inferred
1.Novigena,!,0.Agenus_quartus,inferred
1.Novigena,!,0.Agenus_tertius,inferred
1.Novigena,!,0.Egena,inferred
1.Novigena,!,0.Egena_quinta,inferred
1.Novigena,!,0.Egena_secunda,inferred
1.Novigena,!,0.Egena_sexta,inferred
1.Novigena,<,0.Igena,inferred
1.Novigena,!,0.Igena_prima,inferred
1.Novigena,<,0.Igenini,inferred
1.Novigena,!,0.Ogenus,inferred
1.Novigena,!,0.Ogenus_decimus,inferred
1.Novigena,!,0.Ogenus_nonus,inferred
1.Novigena,!,0.Ogenus_secundus,inferred
1.Novigena_octava,<,0.Agenidae,inferred
1.Novigena_octava,<,0.Ageninae,inferred
1.Novigena_octava,!,0.Agenini,inferred
1.Novigena_octava,!,0.Agenus,inferred
1.Novigena_octava,!,0.Agenus_primus,inferred
1.Novigena_octava,!,0.Agenus_quartus,inferred
1.Novigena_octava,!,0.Agenus_tertius,inferred
1.Novigena_octava,!,0.Egena,inferred
1.Novigena_octava,!,0.Egena_quinta,inferred
1.Novigena_octava,!,0.Egena_secunda,inferred
1.Novigena_octava,!,0.Egena_sexta,inferred
1.Novigena_octava,<,0.Igena,inferred
1.Novigena_octava,<,0.Igenini,inferred
1.Novigena_octava,!,0.Ogenus,inferred
1.Novigena_octava,!,0.Ogenus_decimus,inferred
1.Novigena_octava,!,0.Ogenus_nonus,inferred
1.Novigena_octava,!,0.Ogenus_secundus,inferred
1.Novigena_septima,<,0.Agenidae,inferred
1.Novigena_septima,<,0.Ageninae,inferred
1.Novigena_septima,!,0.Agenini,inferred
1.Novigena_septima,!,0.Agenus,inferred
1.Novigena_septima,!,0.Agenus_primus,inferred
1.Novigena_septima,!,0.Agenus_quartus,inferred
1.Novigena_septima,!,0.Agenus_tertius,inferred
1.Novigena_septima,!,0.Egena,inferred
1.Novigena_septima,!,0.Egena_quinta,inferred
1.Novigena_septima,!,0.Egena_secunda,inferred
1.Novigena_septima,!,0.Egena_sexta,inferred
1.Novigena_septima,<,0.Igena,inferred
1.Novigena_septima,<,0.Igenini,inferred
1.Novigena_septima,!,0.Ogenus,inferred
1.Novigena_septima,!,0.Ogenus_decimus,inferred
1.Novigena_septima,!,0.Ogenus_nonus,inferred
1.Novigena_septima,!,0.Ogenus_secundus,inferred
1.Agenus_primus,=,0.Agenus_primus,input
1.Agenus_quartus,=,0.Agenus_quartus,input
1.Agenus_tertius,=,0.Agenus_tertius,input
1.Egena_quinta,=,0.Egena_quinta,input
1.Egena_secunda,=,0.Egena_secunda,input
1.Egena_sexta,=,0.Egena_sexta,input
1.Igena_decima,=,0.Ogenus_decimus,input
1.Igena_nona,=,0.Ogenus_nonus,input
1.Igena_prima,=,0.Igena_prima,input
1.Igena_secunda,=,0.Ogenus_secundus,input
1.Novigena_octava,=,0.Igena_octava,input
1.Novigena_septima,=,0.Igena_septima,input
